interfaceName,switchId,interfaceType,mode,networkOSType,adminState,allowedVlans,bpduFilter,bpduGuard,cdp,copyDescription,duplexMode,lacpPortPriority,lacpRate,lacpSuspend,lacpVpcConvergence,linkType,mirrorConfig,mtu,nativeVlan,negotiateAuto,netflow,peer1MemberPorts,peer1PortChannelConfiguration,peer1PortChannelDescription,peer1PortChannelId,peer2MemberPorts,peer2PortChannelConfiguration,peer2PortChannelDescription,peer2PortChannelId,peerSwitchId,pfc,policyType,portChannelMode,portTypeEdgeTrunk,ptp,qos,speed,stormControl,stormControlAction,vlanMapping
vPC201,FLM30050KD6,vpc,trunk,nx-os,TRUE,none,default,enable,TRUE,FALSE,auto,32768,normal,FALSE,FALSE,auto,FALSE,jumbo,23,TRUE,FALSE,"[""eth1/1""]","no lacp suspend-individual
storm-control broadcast level 10.00
storm-control multicast level 10.00
storm-control unicast level 10.00",to_sc0201bprhoso01d001-sr-07-2-bond0,201,"[""eth1/1""]","no lacp suspend-individual
storm-control broadcast level 10.00
storm-control multicast level 10.00
storm-control unicast level 10.00",to_sc0201bprhoso01d001-sr-07-2-bond0,201,FLM30050K9G,FALSE,trunkVpcHost,active,TRUE,FALSE,FALSE,auto,FALSE,,FALSE
vPC202,FLM30050KD6,vpc,trunk,nx-os,TRUE,none,default,enable,TRUE,FALSE,auto,32768,normal,FALSE,FALSE,auto,FALSE,jumbo,,TRUE,FALSE,"[""eth1/2""]","no lacp suspend-individual
storm-control broadcast level 10.00
storm-control multicast level 10.00
storm-control unicast level 10.00",to_sc0201bprhoso01d001-sr-07-2-bond1,202,"[""eth1/2""]","no lacp suspend-individual
storm-control broadcast level 10.00
storm-control multicast level 10.00
storm-control unicast level 10.00",to_sc0201bprhoso01d001-sr-07-2-bond1,202,FLM30050K9G,FALSE,trunkVpcHost,active,TRUE,FALSE,FALSE,auto,FALSE,default,FALSE
vPC203,FLM30050KD6,vpc,trunk,nx-os,TRUE,none,default,enable,TRUE,FALSE,auto,32768,normal,FALSE,FALSE,auto,FALSE,jumbo,23,TRUE,FALSE,"[""eth1/3""]","no lacp suspend-individual
storm-control broadcast level 10.00
storm-control multicast level 10.00
storm-control unicast level 10.00",to_sc0202bprhoso01d007-sr-07-4-bond0,203,"[""eth1/3""]","no lacp suspend-individual
storm-control broadcast level 10.00
storm-control multicast level 10.00
storm-control unicast level 10.00",to_sc0202bprhoso01d007-sr-07-4-bond0,203,FLM30050K9G,FALSE,trunkVpcHost,active,TRUE,FALSE,FALSE,auto,FALSE,,FALSE
vPC204,FLM30050KD6,vpc,trunk,nx-os,TRUE,none,default,enable,TRUE,FALSE,auto,32768,normal,FALSE,FALSE,auto,FALSE,jumbo,,TRUE,FALSE,"[""eth1/4""]","no lacp suspend-individual
storm-control broadcast level 10.00
storm-control multicast level 10.00
storm-control unicast level 10.00",to_sc0202bprhoso01d007-sr-07-4-bond1,204,"[""eth1/4""]","no lacp suspend-individual
storm-control broadcast level 10.00
storm-control multicast level 10.00
storm-control unicast level 10.00",to_sc0202bprhoso01d007-sr-07-4-bond1,204,FLM30050K9G,FALSE,trunkVpcHost,active,TRUE,FALSE,FALSE,auto,FALSE,default,FALSE
vPC205,FLM30050KD6,vpc,trunk,nx-os,TRUE,none,default,enable,TRUE,FALSE,auto,32768,normal,FALSE,FALSE,auto,FALSE,jumbo,23,TRUE,FALSE,"[""eth1/5""]","no lacp suspend-individual
storm-control broadcast level 10.00
storm-control multicast level 10.00
storm-control unicast level 10.00",to_sc0203bprhoso01d013-sr-07-6-bond0,205,"[""eth1/5""]","no lacp suspend-individual
storm-control broadcast level 10.00
storm-control multicast level 10.00
storm-control unicast level 10.00",to_sc0203bprhoso01d013-sr-07-6-bond0,205,FLM30050K9G,FALSE,trunkVpcHost,active,TRUE,FALSE,FALSE,auto,FALSE,,FALSE
vPC206,FLM30050KD6,vpc,trunk,nx-os,TRUE,none,default,enable,TRUE,FALSE,auto,32768,normal,FALSE,FALSE,auto,FALSE,jumbo,,TRUE,FALSE,"[""eth1/6""]","no lacp suspend-individual
storm-control broadcast level 10.00
storm-control multicast level 10.00
storm-control unicast level 10.00",to_sc0203bprhoso01d013-sr-07-6-bond1,206,"[""eth1/6""]","no lacp suspend-individual
storm-control broadcast level 10.00
storm-control multicast level 10.00
storm-control unicast level 10.00",to_sc0203bprhoso01d013-sr-07-6-bond1,206,FLM30050K9G,FALSE,trunkVpcHost,active,TRUE,FALSE,FALSE,auto,FALSE,default,FALSE
vPC207,FLM30050KD6,vpc,trunk,nx-os,TRUE,none,default,enable,TRUE,FALSE,auto,32768,normal,FALSE,FALSE,auto,FALSE,jumbo,23,TRUE,FALSE,"[""eth1/7""]","no lacp suspend-individual
storm-control broadcast level 10.00
storm-control multicast level 10.00
storm-control unicast level 10.00",to_sc0204bprhoso01d019-sr-07-8-bond0,207,"[""eth1/7""]","no lacp suspend-individual
storm-control broadcast level 10.00
storm-control multicast level 10.00
storm-control unicast level 10.00",to_sc0204bprhoso01d019-sr-07-8-bond0,207,FLM30050K9G,FALSE,trunkVpcHost,active,TRUE,FALSE,FALSE,auto,FALSE,,FALSE
vPC208,FLM30050KD6,vpc,trunk,nx-os,TRUE,none,default,enable,TRUE,FALSE,auto,32768,normal,FALSE,FALSE,auto,FALSE,jumbo,,TRUE,FALSE,"[""eth1/8""]","no lacp suspend-individual
storm-control broadcast level 10.00
storm-control multicast level 10.00
storm-control unicast level 10.00",to_sc0204bprhoso01d019-sr-07-8-bond1,208,"[""eth1/8""]","no lacp suspend-individual
storm-control broadcast level 10.00
storm-control multicast level 10.00
storm-control unicast level 10.00",to_sc0204bprhoso01d019-sr-07-8-bond1,208,FLM30050K9G,FALSE,trunkVpcHost,active,TRUE,FALSE,FALSE,auto,FALSE,default,FALSE
vPC209,FLM30050KD6,vpc,trunk,nx-os,TRUE,none,default,enable,TRUE,FALSE,auto,32768,normal,FALSE,FALSE,auto,FALSE,jumbo,23,TRUE,FALSE,"[""eth1/9""]","no lacp suspend-individual
storm-control broadcast level 10.00
storm-control multicast level 10.00
storm-control unicast level 10.00",to_sc0205bprhoso01d025-sr-07-10-bond0,209,"[""eth1/9""]","no lacp suspend-individual
storm-control broadcast level 10.00
storm-control multicast level 10.00
storm-control unicast level 10.00",to_sc0205bprhoso01d025-sr-07-10-bond0,209,FLM30050K9G,FALSE,trunkVpcHost,active,TRUE,FALSE,FALSE,auto,FALSE,,FALSE
vPC210,FLM30050KD6,vpc,trunk,nx-os,TRUE,none,default,enable,TRUE,FALSE,auto,32768,normal,FALSE,FALSE,auto,FALSE,jumbo,,TRUE,FALSE,"[""eth1/10""]","no lacp suspend-individual
storm-control broadcast level 10.00
storm-control multicast level 10.00
storm-control unicast level 10.00",to_sc0205bprhoso01d025-sr-07-10-bond1,210,"[""eth1/10""]","no lacp suspend-individual
storm-control broadcast level 10.00
storm-control multicast level 10.00
storm-control unicast level 10.00",to_sc0205bprhoso01d025-sr-07-10-bond1,210,FLM30050K9G,FALSE,trunkVpcHost,active,TRUE,FALSE,FALSE,auto,FALSE,default,FALSE
vPC211,FLM30050KD6,vpc,trunk,nx-os,TRUE,none,default,enable,TRUE,FALSE,auto,32768,normal,FALSE,FALSE,auto,FALSE,jumbo,23,TRUE,FALSE,"[""eth1/11""]","no lacp suspend-individual
storm-control broadcast level 10.00
storm-control multicast level 10.00
storm-control unicast level 10.00",to_sc0206bprhoso01d031-sr-07-12-bond0,211,"[""eth1/11""]","no lacp suspend-individual
storm-control broadcast level 10.00
storm-control multicast level 10.00
storm-control unicast level 10.00",to_sc0206bprhoso01d031-sr-07-12-bond0,211,FLM30050K9G,FALSE,trunkVpcHost,active,TRUE,FALSE,FALSE,auto,FALSE,,FALSE
vPC212,FLM30050KD6,vpc,trunk,nx-os,TRUE,none,default,enable,TRUE,FALSE,auto,32768,normal,FALSE,FALSE,auto,FALSE,jumbo,,TRUE,FALSE,"[""eth1/12""]","no lacp suspend-individual
storm-control broadcast level 10.00
storm-control multicast level 10.00
storm-control unicast level 10.00",to_sc0206bprhoso01d031-sr-07-12-bond1,212,"[""eth1/12""]","no lacp suspend-individual
storm-control broadcast level 10.00
storm-control multicast level 10.00
storm-control unicast level 10.00",to_sc0206bprhoso01d031-sr-07-12-bond1,212,FLM30050K9G,FALSE,trunkVpcHost,active,TRUE,FALSE,FALSE,auto,FALSE,default,FALSE
vPC213,FLM30050KD6,vpc,trunk,nx-os,TRUE,none,default,enable,TRUE,FALSE,auto,32768,normal,FALSE,FALSE,auto,FALSE,jumbo,23,TRUE,FALSE,"[""eth1/13""]","no lacp suspend-individual
storm-control broadcast level 10.00
storm-control multicast level 10.00
storm-control unicast level 10.00",to_sc0201bprhoso01d037-sr-07-14-bond0,213,"[""eth1/13""]","no lacp suspend-individual
storm-control broadcast level 10.00
storm-control multicast level 10.00
storm-control unicast level 10.00",to_sc0201bprhoso01d037-sr-07-14-bond0,213,FLM30050K9G,FALSE,trunkVpcHost,active,TRUE,FALSE,FALSE,auto,FALSE,,FALSE
vPC214,FLM30050KD6,vpc,trunk,nx-os,TRUE,none,default,enable,TRUE,FALSE,auto,32768,normal,FALSE,FALSE,auto,FALSE,jumbo,,TRUE,FALSE,"[""eth1/14""]","no lacp suspend-individual
storm-control broadcast level 10.00
storm-control multicast level 10.00
storm-control unicast level 10.00",to_sc0201bprhoso01d037-sr-07-14-bond1,214,"[""eth1/14""]","no lacp suspend-individual
storm-control broadcast level 10.00
storm-control multicast level 10.00
storm-control unicast level 10.00",to_sc0201bprhoso01d037-sr-07-14-bond1,214,FLM30050K9G,FALSE,trunkVpcHost,active,TRUE,FALSE,FALSE,auto,FALSE,default,FALSE
vPC215,FLM30050KD6,vpc,trunk,nx-os,TRUE,none,default,enable,TRUE,FALSE,auto,32768,normal,FALSE,FALSE,auto,FALSE,jumbo,23,TRUE,FALSE,"[""eth1/15""]","no lacp suspend-individual
storm-control broadcast level 10.00
storm-control multicast level 10.00
storm-control unicast level 10.00",to_sc0202bprhoso01d043-sr-07-16-bond0,215,"[""eth1/15""]","no lacp suspend-individual
storm-control broadcast level 10.00
storm-control multicast level 10.00
storm-control unicast level 10.00",to_sc0202bprhoso01d043-sr-07-16-bond0,215,FLM30050K9G,FALSE,trunkVpcHost,active,TRUE,FALSE,FALSE,auto,FALSE,,FALSE
vPC216,FLM30050KD6,vpc,trunk,nx-os,TRUE,none,default,enable,TRUE,FALSE,auto,32768,normal,FALSE,FALSE,auto,FALSE,jumbo,,TRUE,FALSE,"[""eth1/16""]","no lacp suspend-individual
storm-control broadcast level 10.00
storm-control multicast level 10.00
storm-control unicast level 10.00",to_sc0202bprhoso01d043-sr-07-16-bond1,216,"[""eth1/16""]","no lacp suspend-individual
storm-control broadcast level 10.00
storm-control multicast level 10.00
storm-control unicast level 10.00",to_sc0202bprhoso01d043-sr-07-16-bond1,216,FLM30050K9G,FALSE,trunkVpcHost,active,TRUE,FALSE,FALSE,auto,FALSE,default,FALSE
vPC217,FLM30050KD6,vpc,trunk,nx-os,TRUE,none,default,enable,TRUE,FALSE,auto,32768,normal,FALSE,FALSE,auto,FALSE,jumbo,23,TRUE,FALSE,"[""eth1/17""]","no lacp suspend-individual
storm-control broadcast level 10.00
storm-control multicast level 10.00
storm-control unicast level 10.00",to_sc0203bprhoso01d049-sr-07-18-bond0,217,"[""eth1/17""]","no lacp suspend-individual
storm-control broadcast level 10.00
storm-control multicast level 10.00
storm-control unicast level 10.00",to_sc0203bprhoso01d049-sr-07-18-bond0,217,FLM30050K9G,FALSE,trunkVpcHost,active,TRUE,FALSE,FALSE,auto,FALSE,,FALSE
vPC218,FLM30050KD6,vpc,trunk,nx-os,TRUE,none,default,enable,TRUE,FALSE,auto,32768,normal,FALSE,FALSE,auto,FALSE,jumbo,,TRUE,FALSE,"[""eth1/18""]","no lacp suspend-individual
storm-control broadcast level 10.00
storm-control multicast level 10.00
storm-control unicast level 10.00",to_sc0203bprhoso01d049-sr-07-18-bond1,218,"[""eth1/18""]","no lacp suspend-individual
storm-control broadcast level 10.00
storm-control multicast level 10.00
storm-control unicast level 10.00",to_sc0203bprhoso01d049-sr-07-18-bond1,218,FLM30050K9G,FALSE,trunkVpcHost,active,TRUE,FALSE,FALSE,auto,FALSE,default,FALSE
vPC219,FLM30050KD6,vpc,trunk,nx-os,TRUE,none,default,enable,TRUE,FALSE,auto,32768,fast,FALSE,FALSE,auto,FALSE,jumbo,,TRUE,FALSE,"[""eth1/19-20""]","no lacp suspend-individual
storm-control broadcast level 10.00
storm-control multicast level 10.00
storm-control unicast level 10.00",to_sc0201bplcmm001-m3-01-20-bond0,219,"[""eth1/19-20""]","no lacp suspend-individual
storm-control broadcast level 10.00
storm-control multicast level 10.00
storm-control unicast level 10.00",to_sc0201bplcmm001-m3-01-20-bond0,219,FLM30050K9G,FALSE,trunkVpcHost,active,TRUE,FALSE,FALSE,auto,FALSE,,FALSE
vPC201,FLM30050KAQ,vpc,trunk,nx-os,TRUE,none,default,enable,TRUE,FALSE,auto,32768,normal,FALSE,FALSE,auto,FALSE,jumbo,23,TRUE,FALSE,"[""eth1/1""]","no lacp suspend-individual
storm-control broadcast level 10.00
storm-control multicast level 10.00
storm-control unicast level 10.00",to_sc0204bprhoso01d002-sr-08-2-bond0,201,"[""eth1/1""]","no lacp suspend-individual
storm-control broadcast level 10.00
storm-control multicast level 10.00
storm-control unicast level 10.00",to_sc0204bprhoso01d002-sr-08-2-bond0,201,FLM30054DYG,FALSE,trunkVpcHost,active,TRUE,FALSE,FALSE,auto,FALSE,,FALSE
vPC202,FLM30050KAQ,vpc,trunk,nx-os,TRUE,none,default,enable,TRUE,FALSE,auto,32768,normal,FALSE,FALSE,auto,FALSE,jumbo,,TRUE,FALSE,"[""eth1/2""]","no lacp suspend-individual
storm-control broadcast level 10.00
storm-control multicast level 10.00
storm-control unicast level 10.00",to_sc0204bprhoso01d002-sr-08-2-bond1,202,"[""eth1/2""]","no lacp suspend-individual
storm-control broadcast level 10.00
storm-control multicast level 10.00
storm-control unicast level 10.00",to_sc0204bprhoso01d002-sr-08-2-bond1,202,FLM30054DYG,FALSE,trunkVpcHost,active,TRUE,FALSE,FALSE,auto,FALSE,default,FALSE
vPC203,FLM30050KAQ,vpc,trunk,nx-os,TRUE,none,default,enable,TRUE,FALSE,auto,32768,normal,FALSE,FALSE,auto,FALSE,jumbo,23,TRUE,FALSE,"[""eth1/3""]","no lacp suspend-individual
storm-control broadcast level 10.00
storm-control multicast level 10.00
storm-control unicast level 10.00",to_sc0205bprhoso01d008-sr-08-4-bond0,203,"[""eth1/3""]","no lacp suspend-individual
storm-control broadcast level 10.00
storm-control multicast level 10.00
storm-control unicast level 10.00",to_sc0205bprhoso01d008-sr-08-4-bond0,203,FLM30054DYG,FALSE,trunkVpcHost,active,TRUE,FALSE,FALSE,auto,FALSE,,FALSE
vPC204,FLM30050KAQ,vpc,trunk,nx-os,TRUE,none,default,enable,TRUE,FALSE,auto,32768,normal,FALSE,FALSE,auto,FALSE,jumbo,,TRUE,FALSE,"[""eth1/4""]","no lacp suspend-individual
storm-control broadcast level 10.00
storm-control multicast level 10.00
storm-control unicast level 10.00",to_sc0205bprhoso01d008-sr-08-4-bond1,204,"[""eth1/4""]","no lacp suspend-individual
storm-control broadcast level 10.00
storm-control multicast level 10.00
storm-control unicast level 10.00",to_sc0205bprhoso01d008-sr-08-4-bond1,204,FLM30054DYG,FALSE,trunkVpcHost,active,TRUE,FALSE,FALSE,auto,FALSE,default,FALSE
vPC205,FLM30050KAQ,vpc,trunk,nx-os,TRUE,none,default,enable,TRUE,FALSE,auto,32768,normal,FALSE,FALSE,auto,FALSE,jumbo,23,TRUE,FALSE,"[""eth1/5""]","no lacp suspend-individual
storm-control broadcast level 10.00
storm-control multicast level 10.00
storm-control unicast level 10.00",to_sc0206bprhoso01d014-sr-08-6-bond0,205,"[""eth1/5""]","no lacp suspend-individual
storm-control broadcast level 10.00
storm-control multicast level 10.00
storm-control unicast level 10.00",to_sc0206bprhoso01d014-sr-08-6-bond0,205,FLM30054DYG,FALSE,trunkVpcHost,active,TRUE,FALSE,FALSE,auto,FALSE,,FALSE
vPC206,FLM30050KAQ,vpc,trunk,nx-os,TRUE,none,default,enable,TRUE,FALSE,auto,32768,normal,FALSE,FALSE,auto,FALSE,jumbo,,TRUE,FALSE,"[""eth1/6""]","no lacp suspend-individual
storm-control broadcast level 10.00
storm-control multicast level 10.00
storm-control unicast level 10.00",to_sc0206bprhoso01d014-sr-08-6-bond1,206,"[""eth1/6""]","no lacp suspend-individual
storm-control broadcast level 10.00
storm-control multicast level 10.00
storm-control unicast level 10.00",to_sc0206bprhoso01d014-sr-08-6-bond1,206,FLM30054DYG,FALSE,trunkVpcHost,active,TRUE,FALSE,FALSE,auto,FALSE,default,FALSE
vPC207,FLM30050KAQ,vpc,trunk,nx-os,TRUE,none,default,enable,TRUE,FALSE,auto,32768,normal,FALSE,FALSE,auto,FALSE,jumbo,23,TRUE,FALSE,"[""eth1/7""]","no lacp suspend-individual
storm-control broadcast level 10.00
storm-control multicast level 10.00
storm-control unicast level 10.00",to_sc0201bprhoso01d020-sr-08-8-bond0,207,"[""eth1/7""]","no lacp suspend-individual
storm-control broadcast level 10.00
storm-control multicast level 10.00
storm-control unicast level 10.00",to_sc0201bprhoso01d020-sr-08-8-bond0,207,FLM30054DYG,FALSE,trunkVpcHost,active,TRUE,FALSE,FALSE,auto,FALSE,,FALSE
vPC208,FLM30050KAQ,vpc,trunk,nx-os,TRUE,none,default,enable,TRUE,FALSE,auto,32768,normal,FALSE,FALSE,auto,FALSE,jumbo,,TRUE,FALSE,"[""eth1/8""]","no lacp suspend-individual
storm-control broadcast level 10.00
storm-control multicast level 10.00
storm-control unicast level 10.00",to_sc0201bprhoso01d020-sr-08-8-bond1,208,"[""eth1/8""]","no lacp suspend-individual
storm-control broadcast level 10.00
storm-control multicast level 10.00
storm-control unicast level 10.00",to_sc0201bprhoso01d020-sr-08-8-bond1,208,FLM30054DYG,FALSE,trunkVpcHost,active,TRUE,FALSE,FALSE,auto,FALSE,default,FALSE
vPC209,FLM30050KAQ,vpc,trunk,nx-os,TRUE,none,default,enable,TRUE,FALSE,auto,32768,normal,FALSE,FALSE,auto,FALSE,jumbo,23,TRUE,FALSE,"[""eth1/9""]","no lacp suspend-individual
storm-control broadcast level 10.00
storm-control multicast level 10.00
storm-control unicast level 10.00",to_sc0202bprhoso01d026-sr-08-10-bond0,209,"[""eth1/9""]","no lacp suspend-individual
storm-control broadcast level 10.00
storm-control multicast level 10.00
storm-control unicast level 10.00",to_sc0202bprhoso01d026-sr-08-10-bond0,209,FLM30054DYG,FALSE,trunkVpcHost,active,TRUE,FALSE,FALSE,auto,FALSE,,FALSE
vPC210,FLM30050KAQ,vpc,trunk,nx-os,TRUE,none,default,enable,TRUE,FALSE,auto,32768,normal,FALSE,FALSE,auto,FALSE,jumbo,,TRUE,FALSE,"[""eth1/10""]","no lacp suspend-individual
storm-control broadcast level 10.00
storm-control multicast level 10.00
storm-control unicast level 10.00",to_sc0202bprhoso01d026-sr-08-10-bond1,210,"[""eth1/10""]","no lacp suspend-individual
storm-control broadcast level 10.00
storm-control multicast level 10.00
storm-control unicast level 10.00",to_sc0202bprhoso01d026-sr-08-10-bond1,210,FLM30054DYG,FALSE,trunkVpcHost,active,TRUE,FALSE,FALSE,auto,FALSE,default,FALSE
vPC211,FLM30050KAQ,vpc,trunk,nx-os,TRUE,none,default,enable,TRUE,FALSE,auto,32768,normal,FALSE,FALSE,auto,FALSE,jumbo,23,TRUE,FALSE,"[""eth1/11""]","no lacp suspend-individual
storm-control broadcast level 10.00
storm-control multicast level 10.00
storm-control unicast level 10.00",to_sc0203bprhoso01d032-sr-08-12-bond0,211,"[""eth1/11""]","no lacp suspend-individual
storm-control broadcast level 10.00
storm-control multicast level 10.00
storm-control unicast level 10.00",to_sc0203bprhoso01d032-sr-08-12-bond0,211,FLM30054DYG,FALSE,trunkVpcHost,active,TRUE,FALSE,FALSE,auto,FALSE,,FALSE
vPC212,FLM30050KAQ,vpc,trunk,nx-os,TRUE,none,default,enable,TRUE,FALSE,auto,32768,normal,FALSE,FALSE,auto,FALSE,jumbo,,TRUE,FALSE,"[""eth1/12""]","no lacp suspend-individual
storm-control broadcast level 10.00
storm-control multicast level 10.00
storm-control unicast level 10.00",to_sc0203bprhoso01d032-sr-08-12-bond1,212,"[""eth1/12""]","no lacp suspend-individual
storm-control broadcast level 10.00
storm-control multicast level 10.00
storm-control unicast level 10.00",to_sc0203bprhoso01d032-sr-08-12-bond1,212,FLM30054DYG,FALSE,trunkVpcHost,active,TRUE,FALSE,FALSE,auto,FALSE,default,FALSE
vPC213,FLM30050KAQ,vpc,trunk,nx-os,TRUE,none,default,enable,TRUE,FALSE,auto,32768,normal,FALSE,FALSE,auto,FALSE,jumbo,23,TRUE,FALSE,"[""eth1/13""]","no lacp suspend-individual
storm-control broadcast level 10.00
storm-control multicast level 10.00
storm-control unicast level 10.00",to_sc0204bprhoso01d038-sr-08-14-bond0,213,"[""eth1/13""]","no lacp suspend-individual
storm-control broadcast level 10.00
storm-control multicast level 10.00
storm-control unicast level 10.00",to_sc0204bprhoso01d038-sr-08-14-bond0,213,FLM30054DYG,FALSE,trunkVpcHost,active,TRUE,FALSE,FALSE,auto,FALSE,,FALSE
vPC214,FLM30050KAQ,vpc,trunk,nx-os,TRUE,none,default,enable,TRUE,FALSE,auto,32768,normal,FALSE,FALSE,auto,FALSE,jumbo,,TRUE,FALSE,"[""eth1/14""]","no lacp suspend-individual
storm-control broadcast level 10.00
storm-control multicast level 10.00
storm-control unicast level 10.00",to_sc0204bprhoso01d038-sr-08-14-bond1,214,"[""eth1/14""]","no lacp suspend-individual
storm-control broadcast level 10.00
storm-control multicast level 10.00
storm-control unicast level 10.00",to_sc0204bprhoso01d038-sr-08-14-bond1,214,FLM30054DYG,FALSE,trunkVpcHost,active,TRUE,FALSE,FALSE,auto,FALSE,default,FALSE
vPC215,FLM30050KAQ,vpc,trunk,nx-os,TRUE,none,default,enable,TRUE,FALSE,auto,32768,normal,FALSE,FALSE,auto,FALSE,jumbo,23,TRUE,FALSE,"[""eth1/15""]","no lacp suspend-individual
storm-control broadcast level 10.00
storm-control multicast level 10.00
storm-control unicast level 10.00",to_sc0205bprhoso01d044-sr-08-16-bond0,215,"[""eth1/15""]","no lacp suspend-individual
storm-control broadcast level 10.00
storm-control multicast level 10.00
storm-control unicast level 10.00",to_sc0205bprhoso01d044-sr-08-16-bond0,215,FLM30054DYG,FALSE,trunkVpcHost,active,TRUE,FALSE,FALSE,auto,FALSE,,FALSE
vPC216,FLM30050KAQ,vpc,trunk,nx-os,TRUE,none,default,enable,TRUE,FALSE,auto,32768,normal,FALSE,FALSE,auto,FALSE,jumbo,,TRUE,FALSE,"[""eth1/16""]","no lacp suspend-individual
storm-control broadcast level 10.00
storm-control multicast level 10.00
storm-control unicast level 10.00",to_sc0205bprhoso01d044-sr-08-16-bond1,216,"[""eth1/16""]","no lacp suspend-individual
storm-control broadcast level 10.00
storm-control multicast level 10.00
storm-control unicast level 10.00",to_sc0205bprhoso01d044-sr-08-16-bond1,216,FLM30054DYG,FALSE,trunkVpcHost,active,TRUE,FALSE,FALSE,auto,FALSE,default,FALSE
vPC217,FLM30050KAQ,vpc,trunk,nx-os,TRUE,none,default,enable,TRUE,FALSE,auto,32768,normal,FALSE,FALSE,auto,FALSE,jumbo,23,TRUE,FALSE,"[""eth1/17""]","no lacp suspend-individual
storm-control broadcast level 10.00
storm-control multicast level 10.00
storm-control unicast level 10.00",to_sc0206bprhoso01d050-sr-08-18-bond0,217,"[""eth1/17""]","no lacp suspend-individual
storm-control broadcast level 10.00
storm-control multicast level 10.00
storm-control unicast level 10.00",to_sc0206bprhoso01d050-sr-08-18-bond0,217,FLM30054DYG,FALSE,trunkVpcHost,active,TRUE,FALSE,FALSE,auto,FALSE,,FALSE
vPC218,FLM30050KAQ,vpc,trunk,nx-os,TRUE,none,default,enable,TRUE,FALSE,auto,32768,normal,FALSE,FALSE,auto,FALSE,jumbo,,TRUE,FALSE,"[""eth1/18""]","no lacp suspend-individual
storm-control broadcast level 10.00
storm-control multicast level 10.00
storm-control unicast level 10.00",to_sc0206bprhoso01d050-sr-08-18-bond1,218,"[""eth1/18""]","no lacp suspend-individual
storm-control broadcast level 10.00
storm-control multicast level 10.00
storm-control unicast level 10.00",to_sc0206bprhoso01d050-sr-08-18-bond1,218,FLM30054DYG,FALSE,trunkVpcHost,active,TRUE,FALSE,FALSE,auto,FALSE,default,FALSE
vPC219,FLM30050KAQ,vpc,trunk,nx-os,TRUE,none,default,enable,TRUE,FALSE,auto,32768,fast,FALSE,FALSE,auto,FALSE,jumbo,,TRUE,FALSE,"[""eth1/19-20""]","no lacp suspend-individual
storm-control broadcast level 10.00
storm-control multicast level 10.00
storm-control unicast level 10.00",to_sc0202bplcmm002-m3-02-20-bond0,219,"[""eth1/19-20""]","no lacp suspend-individual
storm-control broadcast level 10.00
storm-control multicast level 10.00
storm-control unicast level 10.00",to_sc0202bplcmm002-m3-02-20-bond0,219,FLM30054DYG,FALSE,trunkVpcHost,active,TRUE,FALSE,FALSE,auto,FALSE,default,FALSE
vPC201,FLM30030958,vpc,trunk,nx-os,TRUE,none,default,enable,TRUE,FALSE,auto,32768,normal,FALSE,FALSE,auto,FALSE,jumbo,23,TRUE,FALSE,"[""eth1/1""]","no lacp suspend-individual
storm-control broadcast level 10.00
storm-control multicast level 10.00
storm-control unicast level 10.00",to_sc0201bprhoso01d003-sr-09-2-bond0,201,"[""eth1/1""]","no lacp suspend-individual
storm-control broadcast level 10.00
storm-control multicast level 10.00
storm-control unicast level 10.00",to_sc0201bprhoso01d003-sr-09-2-bond0,201,FLM300238KA,FALSE,trunkVpcHost,active,TRUE,FALSE,FALSE,auto,FALSE,,FALSE
vPC202,FLM30030958,vpc,trunk,nx-os,TRUE,none,default,enable,TRUE,FALSE,auto,32768,normal,FALSE,FALSE,auto,FALSE,jumbo,,TRUE,FALSE,"[""eth1/2""]","no lacp suspend-individual
storm-control broadcast level 10.00
storm-control multicast level 10.00
storm-control unicast level 10.00",to_sc0201bprhoso01d003-sr-09-2-bond1,202,"[""eth1/2""]","no lacp suspend-individual
storm-control broadcast level 10.00
storm-control multicast level 10.00
storm-control unicast level 10.00",to_sc0201bprhoso01d003-sr-09-2-bond1,202,FLM300238KA,FALSE,trunkVpcHost,active,TRUE,FALSE,FALSE,auto,FALSE,default,FALSE
vPC203,FLM30030958,vpc,trunk,nx-os,TRUE,none,default,enable,TRUE,FALSE,auto,32768,normal,FALSE,FALSE,auto,FALSE,jumbo,23,TRUE,FALSE,"[""eth1/3""]","no lacp suspend-individual
storm-control broadcast level 10.00
storm-control multicast level 10.00
storm-control unicast level 10.00",to_sc0202bprhoso01d009-sr-09-4-bond0,203,"[""eth1/3""]","no lacp suspend-individual
storm-control broadcast level 10.00
storm-control multicast level 10.00
storm-control unicast level 10.00",to_sc0202bprhoso01d009-sr-09-4-bond0,203,FLM300238KA,FALSE,trunkVpcHost,active,TRUE,FALSE,FALSE,auto,FALSE,,FALSE
vPC204,FLM30030958,vpc,trunk,nx-os,TRUE,none,default,enable,TRUE,FALSE,auto,32768,normal,FALSE,FALSE,auto,FALSE,jumbo,,TRUE,FALSE,"[""eth1/4""]","no lacp suspend-individual
storm-control broadcast level 10.00
storm-control multicast level 10.00
storm-control unicast level 10.00",to_sc0202bprhoso01d009-sr-09-4-bond1,204,"[""eth1/4""]","no lacp suspend-individual
storm-control broadcast level 10.00
storm-control multicast level 10.00
storm-control unicast level 10.00",to_sc0202bprhoso01d009-sr-09-4-bond1,204,FLM300238KA,FALSE,trunkVpcHost,active,TRUE,FALSE,FALSE,auto,FALSE,default,FALSE
vPC205,FLM30030958,vpc,trunk,nx-os,TRUE,none,default,enable,TRUE,FALSE,auto,32768,normal,FALSE,FALSE,auto,FALSE,jumbo,23,TRUE,FALSE,"[""eth1/5""]","no lacp suspend-individual
storm-control broadcast level 10.00
storm-control multicast level 10.00
storm-control unicast level 10.00",to_sc0203bprhoso01d015-sr-09-6-bond0,205,"[""eth1/5""]","no lacp suspend-individual
storm-control broadcast level 10.00
storm-control multicast level 10.00
storm-control unicast level 10.00",to_sc0203bprhoso01d015-sr-09-6-bond0,205,FLM300238KA,FALSE,trunkVpcHost,active,TRUE,FALSE,FALSE,auto,FALSE,,FALSE
vPC206,FLM30030958,vpc,trunk,nx-os,TRUE,none,default,enable,TRUE,FALSE,auto,32768,normal,FALSE,FALSE,auto,FALSE,jumbo,,TRUE,FALSE,"[""eth1/6""]","no lacp suspend-individual
storm-control broadcast level 10.00
storm-control multicast level 10.00
storm-control unicast level 10.00",to_sc0203bprhoso01d015-sr-09-6-bond1,206,"[""eth1/6""]","no lacp suspend-individual
storm-control broadcast level 10.00
storm-control multicast level 10.00
storm-control unicast level 10.00",to_sc0203bprhoso01d015-sr-09-6-bond1,206,FLM300238KA,FALSE,trunkVpcHost,active,TRUE,FALSE,FALSE,auto,FALSE,default,FALSE
vPC207,FLM30030958,vpc,trunk,nx-os,TRUE,none,default,enable,TRUE,FALSE,auto,32768,normal,FALSE,FALSE,auto,FALSE,jumbo,23,TRUE,FALSE,"[""eth1/7""]","no lacp suspend-individual
storm-control broadcast level 10.00
storm-control multicast level 10.00
storm-control unicast level 10.00",to_sc0204bprhoso01d021-sr-09-8-bond0,207,"[""eth1/7""]","no lacp suspend-individual
storm-control broadcast level 10.00
storm-control multicast level 10.00
storm-control unicast level 10.00",to_sc0204bprhoso01d021-sr-09-8-bond0,207,FLM300238KA,FALSE,trunkVpcHost,active,TRUE,FALSE,FALSE,auto,FALSE,,FALSE
vPC208,FLM30030958,vpc,trunk,nx-os,TRUE,none,default,enable,TRUE,FALSE,auto,32768,normal,FALSE,FALSE,auto,FALSE,jumbo,,TRUE,FALSE,"[""eth1/8""]","no lacp suspend-individual
storm-control broadcast level 10.00
storm-control multicast level 10.00
storm-control unicast level 10.00",to_sc0204bprhoso01d021-sr-09-8-bond1,208,"[""eth1/8""]","no lacp suspend-individual
storm-control broadcast level 10.00
storm-control multicast level 10.00
storm-control unicast level 10.00",to_sc0204bprhoso01d021-sr-09-8-bond1,208,FLM300238KA,FALSE,trunkVpcHost,active,TRUE,FALSE,FALSE,auto,FALSE,default,FALSE
vPC209,FLM30030958,vpc,trunk,nx-os,TRUE,none,default,enable,TRUE,FALSE,auto,32768,normal,FALSE,FALSE,auto,FALSE,jumbo,23,TRUE,FALSE,"[""eth1/9""]","no lacp suspend-individual
storm-control broadcast level 10.00
storm-control multicast level 10.00
storm-control unicast level 10.00",to_sc0205bprhoso01d027-sr-09-10-bond0,209,"[""eth1/9""]","no lacp suspend-individual
storm-control broadcast level 10.00
storm-control multicast level 10.00
storm-control unicast level 10.00",to_sc0205bprhoso01d027-sr-09-10-bond0,209,FLM300238KA,FALSE,trunkVpcHost,active,TRUE,FALSE,FALSE,auto,FALSE,,FALSE
vPC210,FLM30030958,vpc,trunk,nx-os,TRUE,none,default,enable,TRUE,FALSE,auto,32768,normal,FALSE,FALSE,auto,FALSE,jumbo,,TRUE,FALSE,"[""eth1/10""]","no lacp suspend-individual
storm-control broadcast level 10.00
storm-control multicast level 10.00
storm-control unicast level 10.00",to_sc0205bprhoso01d027-sr-09-10-bond1,210,"[""eth1/10""]","no lacp suspend-individual
storm-control broadcast level 10.00
storm-control multicast level 10.00
storm-control unicast level 10.00",to_sc0205bprhoso01d027-sr-09-10-bond1,210,FLM300238KA,FALSE,trunkVpcHost,active,TRUE,FALSE,FALSE,auto,FALSE,default,FALSE
vPC211,FLM30030958,vpc,trunk,nx-os,TRUE,none,default,enable,TRUE,FALSE,auto,32768,normal,FALSE,FALSE,auto,FALSE,jumbo,23,TRUE,FALSE,"[""eth1/11""]","no lacp suspend-individual
storm-control broadcast level 10.00
storm-control multicast level 10.00
storm-control unicast level 10.00",to_sc0206bprhoso01d033-sr-09-12-bond0,211,"[""eth1/11""]","no lacp suspend-individual
storm-control broadcast level 10.00
storm-control multicast level 10.00
storm-control unicast level 10.00",to_sc0206bprhoso01d033-sr-09-12-bond0,211,FLM300238KA,FALSE,trunkVpcHost,active,TRUE,FALSE,FALSE,auto,FALSE,,FALSE
vPC212,FLM30030958,vpc,trunk,nx-os,TRUE,none,default,enable,TRUE,FALSE,auto,32768,normal,FALSE,FALSE,auto,FALSE,jumbo,,TRUE,FALSE,"[""eth1/12""]","no lacp suspend-individual
storm-control broadcast level 10.00
storm-control multicast level 10.00
storm-control unicast level 10.00",to_sc0206bprhoso01d033-sr-09-12-bond1,212,"[""eth1/12""]","no lacp suspend-individual
storm-control broadcast level 10.00
storm-control multicast level 10.00
storm-control unicast level 10.00",to_sc0206bprhoso01d033-sr-09-12-bond1,212,FLM300238KA,FALSE,trunkVpcHost,active,TRUE,FALSE,FALSE,auto,FALSE,default,FALSE
vPC213,FLM30030958,vpc,trunk,nx-os,TRUE,none,default,enable,TRUE,FALSE,auto,32768,normal,FALSE,FALSE,auto,FALSE,jumbo,23,TRUE,FALSE,"[""eth1/13""]","no lacp suspend-individual
storm-control broadcast level 10.00
storm-control multicast level 10.00
storm-control unicast level 10.00",to_sc0201bprhoso01d039-sr-09-14-bond0,213,"[""eth1/13""]","no lacp suspend-individual
storm-control broadcast level 10.00
storm-control multicast level 10.00
storm-control unicast level 10.00",to_sc0201bprhoso01d039-sr-09-14-bond0,213,FLM300238KA,FALSE,trunkVpcHost,active,TRUE,FALSE,FALSE,auto,FALSE,,FALSE
vPC214,FLM30030958,vpc,trunk,nx-os,TRUE,none,default,enable,TRUE,FALSE,auto,32768,normal,FALSE,FALSE,auto,FALSE,jumbo,,TRUE,FALSE,"[""eth1/14""]","no lacp suspend-individual
storm-control broadcast level 10.00
storm-control multicast level 10.00
storm-control unicast level 10.00",to_sc0201bprhoso01d039-sr-09-14-bond1,214,"[""eth1/14""]","no lacp suspend-individual
storm-control broadcast level 10.00
storm-control multicast level 10.00
storm-control unicast level 10.00",to_sc0201bprhoso01d039-sr-09-14-bond1,214,FLM300238KA,FALSE,trunkVpcHost,active,TRUE,FALSE,FALSE,auto,FALSE,default,FALSE
vPC215,FLM30030958,vpc,trunk,nx-os,TRUE,none,default,enable,TRUE,FALSE,auto,32768,normal,FALSE,FALSE,auto,FALSE,jumbo,23,TRUE,FALSE,"[""eth1/15""]","no lacp suspend-individual
storm-control broadcast level 10.00
storm-control multicast level 10.00
storm-control unicast level 10.00",to_sc0202bprhoso01d045-sr-09-16-bond0,215,"[""eth1/15""]","no lacp suspend-individual
storm-control broadcast level 10.00
storm-control multicast level 10.00
storm-control unicast level 10.00",to_sc0202bprhoso01d045-sr-09-16-bond0,215,FLM300238KA,FALSE,trunkVpcHost,active,TRUE,FALSE,FALSE,auto,FALSE,,FALSE
vPC216,FLM30030958,vpc,trunk,nx-os,TRUE,none,default,enable,TRUE,FALSE,auto,32768,normal,FALSE,FALSE,auto,FALSE,jumbo,,TRUE,FALSE,"[""eth1/16""]","no lacp suspend-individual
storm-control broadcast level 10.00
storm-control multicast level 10.00
storm-control unicast level 10.00",to_sc0202bprhoso01d045-sr-09-16-bond1,216,"[""eth1/16""]","no lacp suspend-individual
storm-control broadcast level 10.00
storm-control multicast level 10.00
storm-control unicast level 10.00",to_sc0202bprhoso01d045-sr-09-16-bond1,216,FLM300238KA,FALSE,trunkVpcHost,active,TRUE,FALSE,FALSE,auto,FALSE,default,FALSE
vPC217,FLM30030958,vpc,trunk,nx-os,TRUE,none,default,enable,TRUE,FALSE,auto,32768,normal,FALSE,FALSE,auto,FALSE,jumbo,23,TRUE,FALSE,"[""eth1/17""]","no lacp suspend-individual
storm-control broadcast level 10.00
storm-control multicast level 10.00
storm-control unicast level 10.00",to_sc0203bprhoso01d051-sr-09-18-bond0,217,"[""eth1/17""]","no lacp suspend-individual
storm-control broadcast level 10.00
storm-control multicast level 10.00
storm-control unicast level 10.00",to_sc0203bprhoso01d051-sr-09-18-bond0,217,FLM300238KA,FALSE,trunkVpcHost,active,TRUE,FALSE,FALSE,auto,FALSE,,FALSE
vPC218,FLM30030958,vpc,trunk,nx-os,TRUE,none,default,enable,TRUE,FALSE,auto,32768,normal,FALSE,FALSE,auto,FALSE,jumbo,,TRUE,FALSE,"[""eth1/18""]","no lacp suspend-individual
storm-control broadcast level 10.00
storm-control multicast level 10.00
storm-control unicast level 10.00",to_sc0203bprhoso01d051-sr-09-18-bond1,218,"[""eth1/18""]","no lacp suspend-individual
storm-control broadcast level 10.00
storm-control multicast level 10.00
storm-control unicast level 10.00",to_sc0203bprhoso01d051-sr-09-18-bond1,218,FLM300238KA,FALSE,trunkVpcHost,active,TRUE,FALSE,FALSE,auto,FALSE,default,FALSE
vPC219,FLM30030958,vpc,trunk,nx-os,TRUE,none,default,enable,TRUE,FALSE,auto,32768,fast,FALSE,FALSE,auto,FALSE,jumbo,,TRUE,FALSE,"[""eth1/19-20""]","no lacp suspend-individual
storm-control broadcast level 10.00
storm-control multicast level 10.00
storm-control unicast level 10.00",to_sc0203bplcmm003-m3-02-20-bond0,219,"[""eth1/19-20""]","no lacp suspend-individual
storm-control broadcast level 10.00
storm-control multicast level 10.00
storm-control unicast level 10.00",to_sc0203bplcmm003-m3-02-20-bond0,219,FLM300238KA,FALSE,trunkVpcHost,active,TRUE,FALSE,FALSE,auto,FALSE,,FALSE
vPC201,FLM30054DXD,vpc,trunk,nx-os,TRUE,none,default,enable,TRUE,FALSE,auto,32768,normal,FALSE,FALSE,auto,FALSE,jumbo,23,TRUE,FALSE,"[""eth1/1""]","no lacp suspend-individual
storm-control broadcast level 10.00
storm-control multicast level 10.00
storm-control unicast level 10.00",to_sc0204bprhoso01d004-sr-10-2-bond0,201,"[""eth1/1""]","no lacp suspend-individual
storm-control broadcast level 10.00
storm-control multicast level 10.00
storm-control unicast level 10.00",to_sc0204bprhoso01d004-sr-10-2-bond0,201,FLM30054E0H,FALSE,trunkVpcHost,active,TRUE,FALSE,FALSE,auto,FALSE,,FALSE
vPC202,FLM30054DXD,vpc,trunk,nx-os,TRUE,none,default,enable,TRUE,FALSE,auto,32768,normal,FALSE,FALSE,auto,FALSE,jumbo,,TRUE,FALSE,"[""eth1/2""]","no lacp suspend-individual
storm-control broadcast level 10.00
storm-control multicast level 10.00
storm-control unicast level 10.00",to_sc0204bprhoso01d004-sr-10-2-bond1,202,"[""eth1/2""]","no lacp suspend-individual
storm-control broadcast level 10.00
storm-control multicast level 10.00
storm-control unicast level 10.00",to_sc0204bprhoso01d004-sr-10-2-bond1,202,FLM30054E0H,FALSE,trunkVpcHost,active,TRUE,FALSE,FALSE,auto,FALSE,default,FALSE
vPC203,FLM30054DXD,vpc,trunk,nx-os,TRUE,none,default,enable,TRUE,FALSE,auto,32768,normal,FALSE,FALSE,auto,FALSE,jumbo,23,TRUE,FALSE,"[""eth1/3""]","no lacp suspend-individual
storm-control broadcast level 10.00
storm-control multicast level 10.00
storm-control unicast level 10.00",to_sc0205bprhoso01d010-sr-10-4-bond0,203,"[""eth1/3""]","no lacp suspend-individual
storm-control broadcast level 10.00
storm-control multicast level 10.00
storm-control unicast level 10.00",to_sc0205bprhoso01d010-sr-10-4-bond0,203,FLM30054E0H,FALSE,trunkVpcHost,active,TRUE,FALSE,FALSE,auto,FALSE,,FALSE
vPC204,FLM30054DXD,vpc,trunk,nx-os,TRUE,none,default,enable,TRUE,FALSE,auto,32768,normal,FALSE,FALSE,auto,FALSE,jumbo,,TRUE,FALSE,"[""eth1/4""]","no lacp suspend-individual
storm-control broadcast level 10.00
storm-control multicast level 10.00
storm-control unicast level 10.00",to_sc0205bprhoso01d010-sr-10-4-bond1,204,"[""eth1/4""]","no lacp suspend-individual
storm-control broadcast level 10.00
storm-control multicast level 10.00
storm-control unicast level 10.00",to_sc0205bprhoso01d010-sr-10-4-bond1,204,FLM30054E0H,FALSE,trunkVpcHost,active,TRUE,FALSE,FALSE,auto,FALSE,default,FALSE
vPC205,FLM30054DXD,vpc,trunk,nx-os,TRUE,none,default,enable,TRUE,FALSE,auto,32768,normal,FALSE,FALSE,auto,FALSE,jumbo,23,TRUE,FALSE,"[""eth1/5""]","no lacp suspend-individual
storm-control broadcast level 10.00
storm-control multicast level 10.00
storm-control unicast level 10.00",to_sc0206bprhoso01d016-sr-10-6-bond0,205,"[""eth1/5""]","no lacp suspend-individual
storm-control broadcast level 10.00
storm-control multicast level 10.00
storm-control unicast level 10.00",to_sc0206bprhoso01d016-sr-10-6-bond0,205,FLM30054E0H,FALSE,trunkVpcHost,active,TRUE,FALSE,FALSE,auto,FALSE,,FALSE
vPC206,FLM30054DXD,vpc,trunk,nx-os,TRUE,none,default,enable,TRUE,FALSE,auto,32768,normal,FALSE,FALSE,auto,FALSE,jumbo,,TRUE,FALSE,"[""eth1/6""]","no lacp suspend-individual
storm-control broadcast level 10.00
storm-control multicast level 10.00
storm-control unicast level 10.00",to_sc0206bprhoso01d016-sr-10-6-bond1,206,"[""eth1/6""]","no lacp suspend-individual
storm-control broadcast level 10.00
storm-control multicast level 10.00
storm-control unicast level 10.00",to_sc0206bprhoso01d016-sr-10-6-bond1,206,FLM30054E0H,FALSE,trunkVpcHost,active,TRUE,FALSE,FALSE,auto,FALSE,default,FALSE
vPC207,FLM30054DXD,vpc,trunk,nx-os,TRUE,none,default,enable,TRUE,FALSE,auto,32768,normal,FALSE,FALSE,auto,FALSE,jumbo,23,TRUE,FALSE,"[""eth1/7""]","no lacp suspend-individual
storm-control broadcast level 10.00
storm-control multicast level 10.00
storm-control unicast level 10.00",to_sc0201bprhoso01d022-sr-10-8-bond0,207,"[""eth1/7""]","no lacp suspend-individual
storm-control broadcast level 10.00
storm-control multicast level 10.00
storm-control unicast level 10.00",to_sc0201bprhoso01d022-sr-10-8-bond0,207,FLM30054E0H,FALSE,trunkVpcHost,active,TRUE,FALSE,FALSE,auto,FALSE,,FALSE
vPC208,FLM30054DXD,vpc,trunk,nx-os,TRUE,none,default,enable,TRUE,FALSE,auto,32768,normal,FALSE,FALSE,auto,FALSE,jumbo,,TRUE,FALSE,"[""eth1/8""]","no lacp suspend-individual
storm-control broadcast level 10.00
storm-control multicast level 10.00
storm-control unicast level 10.00",to_sc0201bprhoso01d022-sr-10-8-bond1,208,"[""eth1/8""]","no lacp suspend-individual
storm-control broadcast level 10.00
storm-control multicast level 10.00
storm-control unicast level 10.00",to_sc0201bprhoso01d022-sr-10-8-bond1,208,FLM30054E0H,FALSE,trunkVpcHost,active,TRUE,FALSE,FALSE,auto,FALSE,default,FALSE
vPC209,FLM30054DXD,vpc,trunk,nx-os,TRUE,none,default,enable,TRUE,FALSE,auto,32768,normal,FALSE,FALSE,auto,FALSE,jumbo,23,TRUE,FALSE,"[""eth1/9""]","no lacp suspend-individual
storm-control broadcast level 10.00
storm-control multicast level 10.00
storm-control unicast level 10.00",to_sc0202bprhoso01d028-sr-10-10-bond0,209,"[""eth1/9""]","no lacp suspend-individual
storm-control broadcast level 10.00
storm-control multicast level 10.00
storm-control unicast level 10.00",to_sc0202bprhoso01d028-sr-10-10-bond0,209,FLM30054E0H,FALSE,trunkVpcHost,active,TRUE,FALSE,FALSE,auto,FALSE,,FALSE
vPC210,FLM30054DXD,vpc,trunk,nx-os,TRUE,none,default,enable,TRUE,FALSE,auto,32768,normal,FALSE,FALSE,auto,FALSE,jumbo,,TRUE,FALSE,"[""eth1/10""]","no lacp suspend-individual
storm-control broadcast level 10.00
storm-control multicast level 10.00
storm-control unicast level 10.00",to_sc0202bprhoso01d028-sr-10-10-bond1,210,"[""eth1/10""]","no lacp suspend-individual
storm-control broadcast level 10.00
storm-control multicast level 10.00
storm-control unicast level 10.00",to_sc0202bprhoso01d028-sr-10-10-bond1,210,FLM30054E0H,FALSE,trunkVpcHost,active,TRUE,FALSE,FALSE,auto,FALSE,default,FALSE
vPC211,FLM30054DXD,vpc,trunk,nx-os,TRUE,none,default,enable,TRUE,FALSE,auto,32768,normal,FALSE,FALSE,auto,FALSE,jumbo,23,TRUE,FALSE,"[""eth1/11""]","no lacp suspend-individual
storm-control broadcast level 10.00
storm-control multicast level 10.00
storm-control unicast level 10.00",to_sc0203bprhoso01d034-sr-10-12-bond0,211,"[""eth1/11""]","no lacp suspend-individual
storm-control broadcast level 10.00
storm-control multicast level 10.00
storm-control unicast level 10.00",to_sc0203bprhoso01d034-sr-10-12-bond0,211,FLM30054E0H,FALSE,trunkVpcHost,active,TRUE,FALSE,FALSE,auto,FALSE,,FALSE
vPC212,FLM30054DXD,vpc,trunk,nx-os,TRUE,none,default,enable,TRUE,FALSE,auto,32768,normal,FALSE,FALSE,auto,FALSE,jumbo,,TRUE,FALSE,"[""eth1/12""]","no lacp suspend-individual
storm-control broadcast level 10.00
storm-control multicast level 10.00
storm-control unicast level 10.00",to_sc0203bprhoso01d034-sr-10-12-bond1,212,"[""eth1/12""]","no lacp suspend-individual
storm-control broadcast level 10.00
storm-control multicast level 10.00
storm-control unicast level 10.00",to_sc0203bprhoso01d034-sr-10-12-bond1,212,FLM30054E0H,FALSE,trunkVpcHost,active,TRUE,FALSE,FALSE,auto,FALSE,default,FALSE
vPC213,FLM30054DXD,vpc,trunk,nx-os,TRUE,none,default,enable,TRUE,FALSE,auto,32768,normal,FALSE,FALSE,auto,FALSE,jumbo,23,TRUE,FALSE,"[""eth1/13""]","no lacp suspend-individual
storm-control broadcast level 10.00
storm-control multicast level 10.00
storm-control unicast level 10.00",to_sc0204bprhoso01d040-sr-10-14-bond0,213,"[""eth1/13""]","no lacp suspend-individual
storm-control broadcast level 10.00
storm-control multicast level 10.00
storm-control unicast level 10.00",to_sc0204bprhoso01d040-sr-10-14-bond0,213,FLM30054E0H,FALSE,trunkVpcHost,active,TRUE,FALSE,FALSE,auto,FALSE,,FALSE
vPC214,FLM30054DXD,vpc,trunk,nx-os,TRUE,none,default,enable,TRUE,FALSE,auto,32768,normal,FALSE,FALSE,auto,FALSE,jumbo,,TRUE,FALSE,"[""eth1/14""]","no lacp suspend-individual
storm-control broadcast level 10.00
storm-control multicast level 10.00
storm-control unicast level 10.00",to_sc0204bprhoso01d040-sr-10-14-bond1,214,"[""eth1/14""]","no lacp suspend-individual
storm-control broadcast level 10.00
storm-control multicast level 10.00
storm-control unicast level 10.00",to_sc0204bprhoso01d040-sr-10-14-bond1,214,FLM30054E0H,FALSE,trunkVpcHost,active,TRUE,FALSE,FALSE,auto,FALSE,default,FALSE
vPC215,FLM30054DXD,vpc,trunk,nx-os,TRUE,none,default,enable,TRUE,FALSE,auto,32768,normal,FALSE,FALSE,auto,FALSE,jumbo,23,TRUE,FALSE,"[""eth1/15""]","no lacp suspend-individual
storm-control broadcast level 10.00
storm-control multicast level 10.00
storm-control unicast level 10.00",to_sc0205bprhoso01d046-sr-10-16-bond0,215,"[""eth1/15""]","no lacp suspend-individual
storm-control broadcast level 10.00
storm-control multicast level 10.00
storm-control unicast level 10.00",to_sc0205bprhoso01d046-sr-10-16-bond0,215,FLM30054E0H,FALSE,trunkVpcHost,active,TRUE,FALSE,FALSE,auto,FALSE,,FALSE
vPC216,FLM30054DXD,vpc,trunk,nx-os,TRUE,none,default,enable,TRUE,FALSE,auto,32768,normal,FALSE,FALSE,auto,FALSE,jumbo,,TRUE,FALSE,"[""eth1/16""]","no lacp suspend-individual
storm-control broadcast level 10.00
storm-control multicast level 10.00
storm-control unicast level 10.00",to_sc0205bprhoso01d046-sr-10-16-bond1,216,"[""eth1/16""]","no lacp suspend-individual
storm-control broadcast level 10.00
storm-control multicast level 10.00
storm-control unicast level 10.00",to_sc0205bprhoso01d046-sr-10-16-bond1,216,FLM30054E0H,FALSE,trunkVpcHost,active,TRUE,FALSE,FALSE,auto,FALSE,default,FALSE
vPC217,FLM30054DXD,vpc,trunk,nx-os,TRUE,none,default,enable,TRUE,FALSE,auto,32768,normal,FALSE,FALSE,auto,FALSE,jumbo,23,TRUE,FALSE,"[""eth1/17""]","no lacp suspend-individual
storm-control broadcast level 10.00
storm-control multicast level 10.00
storm-control unicast level 10.00",to_sc0206bprhoso01d052-sr-10-18-bond0,217,"[""eth1/17""]","no lacp suspend-individual
storm-control broadcast level 10.00
storm-control multicast level 10.00
storm-control unicast level 10.00",to_sc0206bprhoso01d052-sr-10-18-bond0,217,FLM30054E0H,FALSE,trunkVpcHost,active,TRUE,FALSE,FALSE,auto,FALSE,,FALSE
vPC218,FLM30054DXD,vpc,trunk,nx-os,TRUE,none,default,enable,TRUE,FALSE,auto,32768,normal,FALSE,FALSE,auto,FALSE,jumbo,,TRUE,FALSE,"[""eth1/18""]","no lacp suspend-individual
storm-control broadcast level 10.00
storm-control multicast level 10.00
storm-control unicast level 10.00",to_sc0206bprhoso01d052-sr-10-18-bond1,218,"[""eth1/18""]","no lacp suspend-individual
storm-control broadcast level 10.00
storm-control multicast level 10.00
storm-control unicast level 10.00",to_sc0206bprhoso01d052-sr-10-18-bond1,218,FLM30054E0H,FALSE,trunkVpcHost,active,TRUE,FALSE,FALSE,auto,FALSE,default,FALSE
vPC201,FLM30050KCK,vpc,trunk,nx-os,TRUE,none,default,enable,TRUE,FALSE,auto,32768,normal,FALSE,FALSE,auto,FALSE,jumbo,23,TRUE,FALSE,"[""eth1/1""]","no lacp suspend-individual
storm-control broadcast level 10.00
storm-control multicast level 10.00
storm-control unicast level 10.00",to_sc0201bprhoso01d005-sr-11-2-bond0,201,"[""eth1/1""]","no lacp suspend-individual
storm-control broadcast level 10.00
storm-control multicast level 10.00
storm-control unicast level 10.00",to_sc0201bprhoso01d005-sr-11-2-bond0,201,FLM30050KFX,FALSE,trunkVpcHost,active,TRUE,FALSE,FALSE,auto,FALSE,,FALSE
vPC202,FLM30050KCK,vpc,trunk,nx-os,TRUE,none,default,enable,TRUE,FALSE,auto,32768,normal,FALSE,FALSE,auto,FALSE,jumbo,,TRUE,FALSE,"[""eth1/2""]","no lacp suspend-individual
storm-control broadcast level 10.00
storm-control multicast level 10.00
storm-control unicast level 10.00",to_sc0201bprhoso01d005-sr-11-2-bond1,202,"[""eth1/2""]","no lacp suspend-individual
storm-control broadcast level 10.00
storm-control multicast level 10.00
storm-control unicast level 10.00",to_sc0201bprhoso01d005-sr-11-2-bond1,202,FLM30050KFX,FALSE,trunkVpcHost,active,TRUE,FALSE,FALSE,auto,FALSE,default,FALSE
vPC203,FLM30050KCK,vpc,trunk,nx-os,TRUE,none,default,enable,TRUE,FALSE,auto,32768,normal,FALSE,FALSE,auto,FALSE,jumbo,23,TRUE,FALSE,"[""eth1/3""]","no lacp suspend-individual
storm-control broadcast level 10.00
storm-control multicast level 10.00
storm-control unicast level 10.00",to_sc0202bprhoso01d011-sr-11-4-bond0,203,"[""eth1/3""]","no lacp suspend-individual
storm-control broadcast level 10.00
storm-control multicast level 10.00
storm-control unicast level 10.00",to_sc0202bprhoso01d011-sr-11-4-bond0,203,FLM30050KFX,FALSE,trunkVpcHost,active,TRUE,FALSE,FALSE,auto,FALSE,,FALSE
vPC204,FLM30050KCK,vpc,trunk,nx-os,TRUE,none,default,enable,TRUE,FALSE,auto,32768,normal,FALSE,FALSE,auto,FALSE,jumbo,,TRUE,FALSE,"[""eth1/4""]","no lacp suspend-individual
storm-control broadcast level 10.00
storm-control multicast level 10.00
storm-control unicast level 10.00",to_sc0202bprhoso01d011-sr-11-4-bond1,204,"[""eth1/4""]","no lacp suspend-individual
storm-control broadcast level 10.00
storm-control multicast level 10.00
storm-control unicast level 10.00",to_sc0202bprhoso01d011-sr-11-4-bond1,204,FLM30050KFX,FALSE,trunkVpcHost,active,TRUE,FALSE,FALSE,auto,FALSE,default,FALSE
vPC205,FLM30050KCK,vpc,trunk,nx-os,TRUE,none,default,enable,TRUE,FALSE,auto,32768,normal,FALSE,FALSE,auto,FALSE,jumbo,23,TRUE,FALSE,"[""eth1/5""]","no lacp suspend-individual
storm-control broadcast level 10.00
storm-control multicast level 10.00
storm-control unicast level 10.00",to_sc0203bprhoso01d017-sr-11-6-bond0,205,"[""eth1/5""]","no lacp suspend-individual
storm-control broadcast level 10.00
storm-control multicast level 10.00
storm-control unicast level 10.00",to_sc0203bprhoso01d017-sr-11-6-bond0,205,FLM30050KFX,FALSE,trunkVpcHost,active,TRUE,FALSE,FALSE,auto,FALSE,,FALSE
vPC206,FLM30050KCK,vpc,trunk,nx-os,TRUE,none,default,enable,TRUE,FALSE,auto,32768,normal,FALSE,FALSE,auto,FALSE,jumbo,,TRUE,FALSE,"[""eth1/6""]","no lacp suspend-individual
storm-control broadcast level 10.00
storm-control multicast level 10.00
storm-control unicast level 10.00",to_sc0203bprhoso01d017-sr-11-6-bond1,206,"[""eth1/6""]","no lacp suspend-individual
storm-control broadcast level 10.00
storm-control multicast level 10.00
storm-control unicast level 10.00",to_sc0203bprhoso01d017-sr-11-6-bond1,206,FLM30050KFX,FALSE,trunkVpcHost,active,TRUE,FALSE,FALSE,auto,FALSE,default,FALSE
vPC207,FLM30050KCK,vpc,trunk,nx-os,TRUE,none,default,enable,TRUE,FALSE,auto,32768,normal,FALSE,FALSE,auto,FALSE,jumbo,23,TRUE,FALSE,"[""eth1/7""]","no lacp suspend-individual
storm-control broadcast level 10.00
storm-control multicast level 10.00
storm-control unicast level 10.00",to_sc0204bprhoso01d023-sr-11-8-bond0,207,"[""eth1/7""]","no lacp suspend-individual
storm-control broadcast level 10.00
storm-control multicast level 10.00
storm-control unicast level 10.00",to_sc0204bprhoso01d023-sr-11-8-bond0,207,FLM30050KFX,FALSE,trunkVpcHost,active,TRUE,FALSE,FALSE,auto,FALSE,,FALSE
vPC208,FLM30050KCK,vpc,trunk,nx-os,TRUE,none,default,enable,TRUE,FALSE,auto,32768,normal,FALSE,FALSE,auto,FALSE,jumbo,,TRUE,FALSE,"[""eth1/8""]","no lacp suspend-individual
storm-control broadcast level 10.00
storm-control multicast level 10.00
storm-control unicast level 10.00",to_sc0204bprhoso01d023-sr-11-8-bond1,208,"[""eth1/8""]","no lacp suspend-individual
storm-control broadcast level 10.00
storm-control multicast level 10.00
storm-control unicast level 10.00",to_sc0204bprhoso01d023-sr-11-8-bond1,208,FLM30050KFX,FALSE,trunkVpcHost,active,TRUE,FALSE,FALSE,auto,FALSE,default,FALSE
vPC209,FLM30050KCK,vpc,trunk,nx-os,TRUE,none,default,enable,TRUE,FALSE,auto,32768,normal,FALSE,FALSE,auto,FALSE,jumbo,23,TRUE,FALSE,"[""eth1/9""]","no lacp suspend-individual
storm-control broadcast level 10.00
storm-control multicast level 10.00
storm-control unicast level 10.00",to_sc0205bprhoso01d029-sr-11-10-bond0,209,"[""eth1/9""]","no lacp suspend-individual
storm-control broadcast level 10.00
storm-control multicast level 10.00
storm-control unicast level 10.00",to_sc0205bprhoso01d029-sr-11-10-bond0,209,FLM30050KFX,FALSE,trunkVpcHost,active,TRUE,FALSE,FALSE,auto,FALSE,,FALSE
vPC210,FLM30050KCK,vpc,trunk,nx-os,TRUE,none,default,enable,TRUE,FALSE,auto,32768,normal,FALSE,FALSE,auto,FALSE,jumbo,,TRUE,FALSE,"[""eth1/10""]","no lacp suspend-individual
storm-control broadcast level 10.00
storm-control multicast level 10.00
storm-control unicast level 10.00",to_sc0205bprhoso01d029-sr-11-10-bond1,210,"[""eth1/10""]","no lacp suspend-individual
storm-control broadcast level 10.00
storm-control multicast level 10.00
storm-control unicast level 10.00",to_sc0205bprhoso01d029-sr-11-10-bond1,210,FLM30050KFX,FALSE,trunkVpcHost,active,TRUE,FALSE,FALSE,auto,FALSE,default,FALSE
vPC211,FLM30050KCK,vpc,trunk,nx-os,TRUE,none,default,enable,TRUE,FALSE,auto,32768,normal,FALSE,FALSE,auto,FALSE,jumbo,23,TRUE,FALSE,"[""eth1/11""]","no lacp suspend-individual
storm-control broadcast level 10.00
storm-control multicast level 10.00
storm-control unicast level 10.00",to_sc0206bprhoso01d035-sr-11-12-bond0,211,"[""eth1/11""]","no lacp suspend-individual
storm-control broadcast level 10.00
storm-control multicast level 10.00
storm-control unicast level 10.00",to_sc0206bprhoso01d035-sr-11-12-bond0,211,FLM30050KFX,FALSE,trunkVpcHost,active,TRUE,FALSE,FALSE,auto,FALSE,,FALSE
vPC212,FLM30050KCK,vpc,trunk,nx-os,TRUE,none,default,enable,TRUE,FALSE,auto,32768,normal,FALSE,FALSE,auto,FALSE,jumbo,,TRUE,FALSE,"[""eth1/12""]","no lacp suspend-individual
storm-control broadcast level 10.00
storm-control multicast level 10.00
storm-control unicast level 10.00",to_sc0206bprhoso01d035-sr-11-12-bond1,212,"[""eth1/12""]","no lacp suspend-individual
storm-control broadcast level 10.00
storm-control multicast level 10.00
storm-control unicast level 10.00",to_sc0206bprhoso01d035-sr-11-12-bond1,212,FLM30050KFX,FALSE,trunkVpcHost,active,TRUE,FALSE,FALSE,auto,FALSE,default,FALSE
vPC213,FLM30050KCK,vpc,trunk,nx-os,TRUE,none,default,enable,TRUE,FALSE,auto,32768,normal,FALSE,FALSE,auto,FALSE,jumbo,23,TRUE,FALSE,"[""eth1/13""]","no lacp suspend-individual
storm-control broadcast level 10.00
storm-control multicast level 10.00
storm-control unicast level 10.00",to_sc0201bprhoso01d041-sr-11-14-bond0,213,"[""eth1/13""]","no lacp suspend-individual
storm-control broadcast level 10.00
storm-control multicast level 10.00
storm-control unicast level 10.00",to_sc0201bprhoso01d041-sr-11-14-bond0,213,FLM30050KFX,FALSE,trunkVpcHost,active,TRUE,FALSE,FALSE,auto,FALSE,,FALSE
vPC214,FLM30050KCK,vpc,trunk,nx-os,TRUE,none,default,enable,TRUE,FALSE,auto,32768,normal,FALSE,FALSE,auto,FALSE,jumbo,,TRUE,FALSE,"[""eth1/14""]","no lacp suspend-individual
storm-control broadcast level 10.00
storm-control multicast level 10.00
storm-control unicast level 10.00",to_sc0201bprhoso01d041-sr-11-14-bond1,214,"[""eth1/14""]","no lacp suspend-individual
storm-control broadcast level 10.00
storm-control multicast level 10.00
storm-control unicast level 10.00",to_sc0201bprhoso01d041-sr-11-14-bond1,214,FLM30050KFX,FALSE,trunkVpcHost,active,TRUE,FALSE,FALSE,auto,FALSE,default,FALSE
vPC215,FLM30050KCK,vpc,trunk,nx-os,TRUE,none,default,enable,TRUE,FALSE,auto,32768,normal,FALSE,FALSE,auto,FALSE,jumbo,23,TRUE,FALSE,"[""eth1/15""]","no lacp suspend-individual
storm-control broadcast level 10.00
storm-control multicast level 10.00
storm-control unicast level 10.00",to_sc0202bprhoso01d047-sr-11-16-bond0,215,"[""eth1/15""]","no lacp suspend-individual
storm-control broadcast level 10.00
storm-control multicast level 10.00
storm-control unicast level 10.00",to_sc0202bprhoso01d047-sr-11-16-bond0,215,FLM30050KFX,FALSE,trunkVpcHost,active,TRUE,FALSE,FALSE,auto,FALSE,,FALSE
vPC216,FLM30050KCK,vpc,trunk,nx-os,TRUE,none,default,enable,TRUE,FALSE,auto,32768,normal,FALSE,FALSE,auto,FALSE,jumbo,,TRUE,FALSE,"[""eth1/16""]","no lacp suspend-individual
storm-control broadcast level 10.00
storm-control multicast level 10.00
storm-control unicast level 10.00",to_sc0202bprhoso01d047-sr-11-16-bond1,216,"[""eth1/16""]","no lacp suspend-individual
storm-control broadcast level 10.00
storm-control multicast level 10.00
storm-control unicast level 10.00",to_sc0202bprhoso01d047-sr-11-16-bond1,216,FLM30050KFX,FALSE,trunkVpcHost,active,TRUE,FALSE,FALSE,auto,FALSE,default,FALSE
vPC217,FLM30050KCK,vpc,trunk,nx-os,TRUE,none,default,enable,TRUE,FALSE,auto,32768,normal,FALSE,FALSE,auto,FALSE,jumbo,23,TRUE,FALSE,"[""eth1/17""]","no lacp suspend-individual
storm-control broadcast level 10.00
storm-control multicast level 10.00
storm-control unicast level 10.00",to_sc0203bprhoso01d053-sr-11-18-bond0,217,"[""eth1/17""]","no lacp suspend-individual
storm-control broadcast level 10.00
storm-control multicast level 10.00
storm-control unicast level 10.00",to_sc0203bprhoso01d053-sr-11-18-bond0,217,FLM30050KFX,FALSE,trunkVpcHost,active,TRUE,FALSE,FALSE,auto,FALSE,,FALSE
vPC218,FLM30050KCK,vpc,trunk,nx-os,TRUE,none,default,enable,TRUE,FALSE,auto,32768,normal,FALSE,FALSE,auto,FALSE,jumbo,,TRUE,FALSE,"[""eth1/18""]","no lacp suspend-individual
storm-control broadcast level 10.00
storm-control multicast level 10.00
storm-control unicast level 10.00",to_sc0203bprhoso01d053-sr-11-18-bond1,218,"[""eth1/18""]","no lacp suspend-individual
storm-control broadcast level 10.00
storm-control multicast level 10.00
storm-control unicast level 10.00",to_sc0203bprhoso01d053-sr-11-18-bond1,218,FLM30050KFX,FALSE,trunkVpcHost,active,TRUE,FALSE,FALSE,auto,FALSE,default,FALSE
vPC201,FLM30023EBG,vpc,trunk,nx-os,TRUE,none,default,enable,TRUE,FALSE,auto,32768,normal,FALSE,FALSE,auto,FALSE,jumbo,23,TRUE,FALSE,"[""eth1/1""]","no lacp suspend-individual
storm-control broadcast level 10.00
storm-control multicast level 10.00
storm-control unicast level 10.00",to_sc0204bprhoso01d006-sr-12-2-bond0,201,"[""eth1/1""]","no lacp suspend-individual
storm-control broadcast level 10.00
storm-control multicast level 10.00
storm-control unicast level 10.00",to_sc0204bprhoso01d006-sr-12-2-bond0,201,FLM30023ECJ,FALSE,trunkVpcHost,active,TRUE,FALSE,FALSE,auto,FALSE,,FALSE
vPC202,FLM30023EBG,vpc,trunk,nx-os,TRUE,none,default,enable,TRUE,FALSE,auto,32768,normal,FALSE,FALSE,auto,FALSE,jumbo,,TRUE,FALSE,"[""eth1/2""]","no lacp suspend-individual
storm-control broadcast level 10.00
storm-control multicast level 10.00
storm-control unicast level 10.00",to_sc0204bprhoso01d006-sr-12-2-bond1,202,"[""eth1/2""]","no lacp suspend-individual
storm-control broadcast level 10.00
storm-control multicast level 10.00
storm-control unicast level 10.00",to_sc0204bprhoso01d006-sr-12-2-bond1,202,FLM30023ECJ,FALSE,trunkVpcHost,active,TRUE,FALSE,FALSE,auto,FALSE,default,FALSE
vPC203,FLM30023EBG,vpc,trunk,nx-os,TRUE,none,default,enable,TRUE,FALSE,auto,32768,normal,FALSE,FALSE,auto,FALSE,jumbo,23,TRUE,FALSE,"[""eth1/3""]","no lacp suspend-individual
storm-control broadcast level 10.00
storm-control multicast level 10.00
storm-control unicast level 10.00",to_sc0205bprhoso01d012-sr-12-4-bond0,203,"[""eth1/3""]","no lacp suspend-individual
storm-control broadcast level 10.00
storm-control multicast level 10.00
storm-control unicast level 10.00",to_sc0205bprhoso01d012-sr-12-4-bond0,203,FLM30023ECJ,FALSE,trunkVpcHost,active,TRUE,FALSE,FALSE,auto,FALSE,,FALSE
vPC204,FLM30023EBG,vpc,trunk,nx-os,TRUE,none,default,enable,TRUE,FALSE,auto,32768,normal,FALSE,FALSE,auto,FALSE,jumbo,,TRUE,FALSE,"[""eth1/4""]","no lacp suspend-individual
storm-control broadcast level 10.00
storm-control multicast level 10.00
storm-control unicast level 10.00",to_sc0205bprhoso01d012-sr-12-4-bond1,204,"[""eth1/4""]","no lacp suspend-individual
storm-control broadcast level 10.00
storm-control multicast level 10.00
storm-control unicast level 10.00",to_sc0205bprhoso01d012-sr-12-4-bond1,204,FLM30023ECJ,FALSE,trunkVpcHost,active,TRUE,FALSE,FALSE,auto,FALSE,default,FALSE
vPC205,FLM30023EBG,vpc,trunk,nx-os,TRUE,none,default,enable,TRUE,FALSE,auto,32768,normal,FALSE,FALSE,auto,FALSE,jumbo,23,TRUE,FALSE,"[""eth1/5""]","no lacp suspend-individual
storm-control broadcast level 10.00
storm-control multicast level 10.00
storm-control unicast level 10.00",to_sc0206bprhoso01d018-sr-12-6-bond0,205,"[""eth1/5""]","no lacp suspend-individual
storm-control broadcast level 10.00
storm-control multicast level 10.00
storm-control unicast level 10.00",to_sc0206bprhoso01d018-sr-12-6-bond0,205,FLM30023ECJ,FALSE,trunkVpcHost,active,TRUE,FALSE,FALSE,auto,FALSE,,FALSE
vPC206,FLM30023EBG,vpc,trunk,nx-os,TRUE,none,default,enable,TRUE,FALSE,auto,32768,normal,FALSE,FALSE,auto,FALSE,jumbo,,TRUE,FALSE,"[""eth1/6""]","no lacp suspend-individual
storm-control broadcast level 10.00
storm-control multicast level 10.00
storm-control unicast level 10.00",to_sc0206bprhoso01d018-sr-12-6-bond1,206,"[""eth1/6""]","no lacp suspend-individual
storm-control broadcast level 10.00
storm-control multicast level 10.00
storm-control unicast level 10.00",to_sc0206bprhoso01d018-sr-12-6-bond1,206,FLM30023ECJ,FALSE,trunkVpcHost,active,TRUE,FALSE,FALSE,auto,FALSE,default,FALSE
vPC207,FLM30023EBG,vpc,trunk,nx-os,TRUE,none,default,enable,TRUE,FALSE,auto,32768,normal,FALSE,FALSE,auto,FALSE,jumbo,23,TRUE,FALSE,"[""eth1/7""]","no lacp suspend-individual
storm-control broadcast level 10.00
storm-control multicast level 10.00
storm-control unicast level 10.00",to_sc0201bprhoso01d024-sr-12-8-bond0,207,"[""eth1/7""]","no lacp suspend-individual
storm-control broadcast level 10.00
storm-control multicast level 10.00
storm-control unicast level 10.00",to_sc0201bprhoso01d024-sr-12-8-bond0,207,FLM30023ECJ,FALSE,trunkVpcHost,active,TRUE,FALSE,FALSE,auto,FALSE,,FALSE
vPC208,FLM30023EBG,vpc,trunk,nx-os,TRUE,none,default,enable,TRUE,FALSE,auto,32768,normal,FALSE,FALSE,auto,FALSE,jumbo,,TRUE,FALSE,"[""eth1/8""]","no lacp suspend-individual
storm-control broadcast level 10.00
storm-control multicast level 10.00
storm-control unicast level 10.00",to_sc0201bprhoso01d024-sr-12-8-bond1,208,"[""eth1/8""]","no lacp suspend-individual
storm-control broadcast level 10.00
storm-control multicast level 10.00
storm-control unicast level 10.00",to_sc0201bprhoso01d024-sr-12-8-bond1,208,FLM30023ECJ,FALSE,trunkVpcHost,active,TRUE,FALSE,FALSE,auto,FALSE,default,FALSE
vPC209,FLM30023EBG,vpc,trunk,nx-os,TRUE,none,default,enable,TRUE,FALSE,auto,32768,normal,FALSE,FALSE,auto,FALSE,jumbo,23,TRUE,FALSE,"[""eth1/9""]","no lacp suspend-individual
storm-control broadcast level 10.00
storm-control multicast level 10.00
storm-control unicast level 10.00",to_sc0202bprhoso01d030-sr-12-10-bond0,209,"[""eth1/9""]","no lacp suspend-individual
storm-control broadcast level 10.00
storm-control multicast level 10.00
storm-control unicast level 10.00",to_sc0202bprhoso01d030-sr-12-10-bond0,209,FLM30023ECJ,FALSE,trunkVpcHost,active,TRUE,FALSE,FALSE,auto,FALSE,,FALSE
vPC210,FLM30023EBG,vpc,trunk,nx-os,TRUE,none,default,enable,TRUE,FALSE,auto,32768,normal,FALSE,FALSE,auto,FALSE,jumbo,,TRUE,FALSE,"[""eth1/10""]","no lacp suspend-individual
storm-control broadcast level 10.00
storm-control multicast level 10.00
storm-control unicast level 10.00",to_sc0202bprhoso01d030-sr-12-10-bond1,210,"[""eth1/10""]","no lacp suspend-individual
storm-control broadcast level 10.00
storm-control multicast level 10.00
storm-control unicast level 10.00",to_sc0202bprhoso01d030-sr-12-10-bond1,210,FLM30023ECJ,FALSE,trunkVpcHost,active,TRUE,FALSE,FALSE,auto,FALSE,default,FALSE
vPC211,FLM30023EBG,vpc,trunk,nx-os,TRUE,none,default,enable,TRUE,FALSE,auto,32768,normal,FALSE,FALSE,auto,FALSE,jumbo,23,TRUE,FALSE,"[""eth1/11""]","no lacp suspend-individual
storm-control broadcast level 10.00
storm-control multicast level 10.00
storm-control unicast level 10.00",to_sc0203bprhoso01d036-sr-12-12-bond0,211,"[""eth1/11""]","no lacp suspend-individual
storm-control broadcast level 10.00
storm-control multicast level 10.00
storm-control unicast level 10.00",to_sc0203bprhoso01d036-sr-12-12-bond0,211,FLM30023ECJ,FALSE,trunkVpcHost,active,TRUE,FALSE,FALSE,auto,FALSE,,FALSE
vPC212,FLM30023EBG,vpc,trunk,nx-os,TRUE,none,default,enable,TRUE,FALSE,auto,32768,normal,FALSE,FALSE,auto,FALSE,jumbo,,TRUE,FALSE,"[""eth1/12""]","no lacp suspend-individual
storm-control broadcast level 10.00
storm-control multicast level 10.00
storm-control unicast level 10.00",to_sc0203bprhoso01d036-sr-12-12-bond1,212,"[""eth1/12""]","no lacp suspend-individual
storm-control broadcast level 10.00
storm-control multicast level 10.00
storm-control unicast level 10.00",to_sc0203bprhoso01d036-sr-12-12-bond1,212,FLM30023ECJ,FALSE,trunkVpcHost,active,TRUE,FALSE,FALSE,auto,FALSE,default,FALSE
vPC213,FLM30023EBG,vpc,trunk,nx-os,TRUE,none,default,enable,TRUE,FALSE,auto,32768,normal,FALSE,FALSE,auto,FALSE,jumbo,23,TRUE,FALSE,"[""eth1/13""]","no lacp suspend-individual
storm-control broadcast level 10.00
storm-control multicast level 10.00
storm-control unicast level 10.00",to_sc0204bprhoso01d042-sr-12-14-bond0,213,"[""eth1/13""]","no lacp suspend-individual
storm-control broadcast level 10.00
storm-control multicast level 10.00
storm-control unicast level 10.00",to_sc0204bprhoso01d042-sr-12-14-bond0,213,FLM30023ECJ,FALSE,trunkVpcHost,active,TRUE,FALSE,FALSE,auto,FALSE,,FALSE
vPC214,FLM30023EBG,vpc,trunk,nx-os,TRUE,none,default,enable,TRUE,FALSE,auto,32768,normal,FALSE,FALSE,auto,FALSE,jumbo,,TRUE,FALSE,"[""eth1/14""]","no lacp suspend-individual
storm-control broadcast level 10.00
storm-control multicast level 10.00
storm-control unicast level 10.00",to_sc0204bprhoso01d042-sr-12-14-bond1,214,"[""eth1/14""]","no lacp suspend-individual
storm-control broadcast level 10.00
storm-control multicast level 10.00
storm-control unicast level 10.00",to_sc0204bprhoso01d042-sr-12-14-bond1,214,FLM30023ECJ,FALSE,trunkVpcHost,active,TRUE,FALSE,FALSE,auto,FALSE,default,FALSE
vPC215,FLM30023EBG,vpc,trunk,nx-os,TRUE,none,default,enable,TRUE,FALSE,auto,32768,normal,FALSE,FALSE,auto,FALSE,jumbo,23,TRUE,FALSE,"[""eth1/15""]","no lacp suspend-individual
storm-control broadcast level 10.00
storm-control multicast level 10.00
storm-control unicast level 10.00",to_sc0205bprhoso01d048-sr-12-16-bond0,215,"[""eth1/15""]","no lacp suspend-individual
storm-control broadcast level 10.00
storm-control multicast level 10.00
storm-control unicast level 10.00",to_sc0205bprhoso01d048-sr-12-16-bond0,215,FLM30023ECJ,FALSE,trunkVpcHost,active,TRUE,FALSE,FALSE,auto,FALSE,,FALSE
vPC216,FLM30023EBG,vpc,trunk,nx-os,TRUE,none,default,enable,TRUE,FALSE,auto,32768,normal,FALSE,FALSE,auto,FALSE,jumbo,,TRUE,FALSE,"[""eth1/16""]","no lacp suspend-individual
storm-control broadcast level 10.00
storm-control multicast level 10.00
storm-control unicast level 10.00",to_sc0205bprhoso01d048-sr-12-16-bond1,216,"[""eth1/16""]","no lacp suspend-individual
storm-control broadcast level 10.00
storm-control multicast level 10.00
storm-control unicast level 10.00",to_sc0205bprhoso01d048-sr-12-16-bond1,216,FLM30023ECJ,FALSE,trunkVpcHost,active,TRUE,FALSE,FALSE,auto,FALSE,default,FALSE